{
  "loss": [
    1.0881295837517226,
    0.4554478581069394,
    0.36428578454361704,
    0.3244624127168268,
    0.29929050199717117,
    0.2802155002262717,
    0.26487233330042154,
    0.2516133362494025,
    0.2400938158701409,
    0.2291511640268138,
    0.22007758446230122,
    0.21154253831795372,
    0.20336487704977022,
    0.19604060515197974,
    0.1890517254733948,
    0.18271121884986663,
    0.1768697634320704,
    0.17125507049840286,
    0.16605335358791642,
    0.1610258275478654,
    0.1565420662685073,
    0.1519247676553596,
    0.14756570589095575,
    0.14389044284511368,
    0.14018299098176304,
    0.13661786571658233,
    0.13307284745727588,
    0.1299734779319686,
    0.12675049535904642,
    0.12389370167678886,
    0.12086898435639452,
    0.11822654849076894,
    0.11563334099761026,
    0.11285214394405324,
    0.11061926585555473,
    0.10819657628596964,
    0.10592653459650658,
    0.10382756133774992,
    0.10175092768478697,
    0.09968648077777434,
    0.09775631945807678,
    0.09550798050789286,
    0.09400860339148963,
    0.09218431534202916,
    0.09039679697301518,
    0.08871184408772137,
    0.08704336377218139,
    0.08552463693300577,
    0.08397748927367102,
    0.08256145621472408
  ],
  "accuracy": [
    0.8585333333333334,
    0.8907166666666667,
    0.9043166666666667,
    0.9118,
    0.91745,
    0.9230833333333334,
    0.9269,
    0.9304166666666667,
    0.9340333333333334,
    0.9368833333333333,
    0.9387666666666666,
    0.9410166666666666,
    0.9439333333333333,
    0.9458,
    0.9479666666666666,
    0.94915,
    0.951,
    0.9523166666666667,
    0.95415,
    0.9558666666666666,
    0.9572333333333334,
    0.95785,
    0.9589,
    0.96055,
    0.9612166666666667,
    0.9628833333333333,
    0.9633833333333334,
    0.9642,
    0.9652333333333334,
    0.96585,
    0.9664666666666667,
    0.9673833333333334,
    0.9683166666666667,
    0.96885,
    0.9694333333333334,
    0.9702166666666666,
    0.9705833333333334,
    0.9713666666666667,
    0.9721166666666666,
    0.9725,
    0.9729833333333333,
    0.9737833333333333,
    0.9739666666666666,
    0.9746666666666667,
    0.9750833333333333,
    0.9755666666666667,
    0.9761166666666666,
    0.97625,
    0.9768666666666667,
    0.9773
  ],
  "val_loss": [
    0.5300836181154572,
    0.37173804743606986,
    0.3196966113809583,
    0.2930539511874578,
    0.27388888476969,
    0.25834802284521874,
    0.2470661857274171,
    0.2347131720071101,
    0.22597875052366903,
    0.21677393031463862,
    0.2118602329507018,
    0.2008726911077261,
    0.1957783508269573,
    0.1875679459632219,
    0.18226567372662789,
    0.18011261295846698,
    0.17199649018467306,
    0.16765829753644537,
    0.16359058458026432,
    0.1596220590043652,
    0.15552739178317915,
    0.1532008270845198,
    0.1492764661619791,
    0.14518133160598326,
    0.14252868143344957,
    0.13921565787431386,
    0.1368919680531524,
    0.13309145104564712,
    0.1318582419707572,
    0.1292134015421512,
    0.1262593333040206,
    0.12421170929453808,
    0.12265415113519716,
    0.12109071492967657,
    0.11834431877056763,
    0.11647190589149338,
    0.11485022703373754,
    0.11405734464417383,
    0.11300156710595748,
    0.11061107023763209,
    0.11031173407077301,
    0.10783181365025125,
    0.10619844591923616,
    0.1053074315921506,
    0.10542531811049514,
    0.1026114150320364,
    0.10229730172829327,
    0.10143550223441644,
    0.10014538628228717,
    0.10047169545659027
  ],
  "val_accuracy": [
    0.8654,
    0.8963,
    0.9103,
    0.9166,
    0.923,
    0.9254,
    0.9288,
    0.9337,
    0.9351,
    0.9371,
    0.9391,
    0.9416,
    0.9443,
    0.9457,
    0.9469,
    0.9491,
    0.9512,
    0.951,
    0.9524,
    0.9529,
    0.9557,
    0.9551,
    0.9563,
    0.9578,
    0.9579,
    0.9591,
    0.9603,
    0.9613,
    0.9615,
    0.9614,
    0.9635,
    0.9643,
    0.9635,
    0.9644,
    0.9656,
    0.9663,
    0.9653,
    0.9661,
    0.9665,
    0.9676,
    0.967,
    0.9683,
    0.9681,
    0.9689,
    0.9683,
    0.9696,
    0.9699,
    0.9691,
    0.9702,
    0.9698
  ]
}